{"inputUnits":[34],"outputUnits":5,"inputs":{"0":{"dtype":"number","min":151.06765687697592,"max":420.198043645124},"1":{"dtype":"number","min":45.38035589433366,"max":370.97200742491486},"2":{"dtype":"number","min":172.24484336051495,"max":418.662919218902},"3":{"dtype":"number","min":38.53606910557134,"max":370.8267651272191},"4":{"dtype":"number","min":160.20816892037595,"max":419.7740214900748},"5":{"dtype":"number","min":37.73277861598865,"max":374.34832264941025},"6":{"dtype":"number","min":194.2186098803806,"max":420.9857142110743},"7":{"dtype":"number","min":48.62226137391323,"max":360.4282214391092},"8":{"dtype":"number","min":150.81099692021826,"max":420.2174763364087},"9":{"dtype":"number","min":39.3126089934709,"max":364.4402476507402},"10":{"dtype":"number","min":188.62702722215468,"max":429.18226961959664},"11":{"dtype":"number","min":102.13082517631324,"max":381.9530406907375},"12":{"dtype":"number","min":101.70568800158074,"max":346.95770263671875},"13":{"dtype":"number","min":82.18849657110667,"max":320.3925756907185},"14":{"dtype":"number","min":118.62374509818824,"max":426.63068600665736},"15":{"dtype":"number","min":111.52915034312682,"max":373.4776478333232},"16":{"dtype":"number","min":111.59078457012251,"max":371.6064963730393},"17":{"dtype":"number","min":112.02634165723038,"max":355.12723662973843},"18":{"dtype":"number","min":57.58243783438716,"max":442.13456357963355},"19":{"dtype":"number","min":62.804171194826125,"max":421.8886723499818},"20":{"dtype":"number","min":59.79671018132904,"max":428.9301772061953},"21":{"dtype":"number","min":110.62990537413364,"max":426.17814950905887},"22":{"dtype":"number","min":187.1131748540856,"max":439.20900174152064},"23":{"dtype":"number","min":211.26590476425707,"max":427.0673901747173},"24":{"dtype":"number","min":116.55006111827807,"max":390.00413946604453},"25":{"dtype":"number","min":175.27032399455862,"max":421.1902176081439},"26":{"dtype":"number","min":135.6694060448079,"max":427.5678107710664},"27":{"dtype":"number","min":183.21962349145792,"max":530.2009540958627},"28":{"dtype":"number","min":105.88273816535445,"max":401.6972241234687},"29":{"dtype":"number","min":217.23861278726895,"max":486.83321466705684},"30":{"dtype":"number","min":59.96246456636065,"max":490.3575852687257},"31":{"dtype":"number","min":286.58964283271524,"max":557.974091986274},"32":{"dtype":"number","min":56.702491374331224,"max":460.7308615599161},"33":{"dtype":"number","min":353.92242372267907,"max":561.7753075625646}},"outputs":{"0":{"dtype":"string","min":0,"max":1,"uniqueValues":["Downward Facing Dog","Triangle","Warrior I","Pyramid Pose","Tree Pose"],"legend":{"Downward Facing Dog":[1,0,0,0,0],"Triangle":[0,1,0,0,0],"Warrior I":[0,0,1,0,0],"Pyramid Pose":[0,0,0,1,0],"Tree Pose":[0,0,0,0,1]}}},"isNormalized":true}